CREATE TABLE "educate" (
"id" INTEGER PRIMARY KEY NOT NULL DEFAULT NULL,
"educateThumbURL" TEXT DEFAULT NULL,
"educatePDFURL" TEXT DEFAULT NULL,
"sectionID" INTEGER);
INSERT INTO "educate" VALUES (1, '/Users/sarb/Library/Application Support/iPhone Simulator/4.2/Applications/1EF62D5E-7613-44D7-8AE1-7B5D64FF57D5/Documents/downloads/yStPPVL6.jpg', '/Users/sarb/Library/Application Support/iPhone Simulator/4.2/Applications/1EF62D5E-7613-44D7-8AE1-7B5D64FF57D5/Documents/downloads/vevorctn.pdf', 1);
INSERT INTO "educate" VALUES (2, '/Users/sarb/Library/Application Support/iPhone Simulator/4.2/Applications/1EF62D5E-7613-44D7-8AE1-7B5D64FF57D5/Documents/downloads/PdIpFf4k.jpg', '/Users/sarb/Library/Application Support/iPhone Simulator/4.2/Applications/1EF62D5E-7613-44D7-8AE1-7B5D64FF57D5/Documents/downloads/b36yoy7y.pdf', 1);
INSERT INTO "educate" VALUES (3, '/Users/sarb/Library/Application Support/iPhone Simulator/4.2/Applications/1EF62D5E-7613-44D7-8AE1-7B5D64FF57D5/Documents/downloads/4ysyOErF.jpg', '/Users/sarb/Library/Application Support/iPhone Simulator/4.2/Applications/1EF62D5E-7613-44D7-8AE1-7B5D64FF57D5/Documents/downloads/edu3_3ykqt7qw.pdf', 1);
INSERT INTO "educate" VALUES (4, '/Users/sarb/Library/Application Support/iPhone Simulator/4.2/Applications/1EF62D5E-7613-44D7-8AE1-7B5D64FF57D5/Documents/downloads/dXcdjb3b.jpg', '/Users/sarb/Library/Application Support/iPhone Simulator/4.2/Applications/1EF62D5E-7613-44D7-8AE1-7B5D64FF57D5/Documents/downloads/dhn2lo0u.pdf', 1);
INSERT INTO "educate" VALUES (5, '/Users/sarb/Library/Application Support/iPhone Simulator/4.2/Applications/1EF62D5E-7613-44D7-8AE1-7B5D64FF57D5/Documents/downloads/fldbKrYC.jpg', '/Users/sarb/Library/Application Support/iPhone Simulator/4.2/Applications/1EF62D5E-7613-44D7-8AE1-7B5D64FF57D5/Documents/downloads/rtmdogts.pdf', 1);
INSERT INTO "educate" VALUES (6, '/Users/sarb/Library/Application Support/iPhone Simulator/4.2/Applications/1EF62D5E-7613-44D7-8AE1-7B5D64FF57D5/Documents/downloads/E8dLJC6W.jpg', '/Users/sarb/Library/Application Support/iPhone Simulator/4.2/Applications/1EF62D5E-7613-44D7-8AE1-7B5D64FF57D5/Documents/downloads/23qrpom7.pdf', 1);
INSERT INTO "educate" VALUES (7, '/Users/sarb/Library/Application Support/iPhone Simulator/4.2/Applications/1EF62D5E-7613-44D7-8AE1-7B5D64FF57D5/Documents/downloads/IPyUYbfA.jpg', '/Users/sarb/Library/Application Support/iPhone Simulator/4.2/Applications/1EF62D5E-7613-44D7-8AE1-7B5D64FF57D5/Documents/downloads/4a8edbes.pdf', 1);
INSERT INTO "educate" VALUES (8, '/Users/sarb/Library/Application Support/iPhone Simulator/4.2/Applications/1EF62D5E-7613-44D7-8AE1-7B5D64FF57D5/Documents/downloads/PDjBcCnp.jpg', '/Users/sarb/Library/Application Support/iPhone Simulator/4.2/Applications/1EF62D5E-7613-44D7-8AE1-7B5D64FF57D5/Documents/downloads/ja01gij5.pdf', 1);
INSERT INTO "educate" VALUES (9, '/Users/sarb/Library/Application Support/iPhone Simulator/4.2/Applications/1EF62D5E-7613-44D7-8AE1-7B5D64FF57D5/Documents/downloads/8Nnk7hbE.jpg', '/Users/sarb/Library/Application Support/iPhone Simulator/4.2/Applications/1EF62D5E-7613-44D7-8AE1-7B5D64FF57D5/Documents/downloads/and9b9o6.pdf', 1);
INSERT INTO "educate" VALUES (10, '/Users/sarb/Library/Application Support/iPhone Simulator/4.2/Applications/1EF62D5E-7613-44D7-8AE1-7B5D64FF57D5/Documents/downloads/QeCfGSmG.jpg', '/Users/sarb/Library/Application Support/iPhone Simulator/4.2/Applications/1EF62D5E-7613-44D7-8AE1-7B5D64FF57D5/Documents/downloads/x3pppbav.pdf', 1);
INSERT INTO "educate" VALUES (11, '/Users/sarb/Library/Application Support/iPhone Simulator/4.2/Applications/1EF62D5E-7613-44D7-8AE1-7B5D64FF57D5/Documents/downloads/t2egTmHk.jpg', '/Users/sarb/Library/Application Support/iPhone Simulator/4.2/Applications/1EF62D5E-7613-44D7-8AE1-7B5D64FF57D5/Documents/downloads/it3pyzng.pdf', 2);
INSERT INTO "educate" VALUES (12, '/Users/sarb/Library/Application Support/iPhone Simulator/4.2/Applications/1EF62D5E-7613-44D7-8AE1-7B5D64FF57D5/Documents/downloads/Bu23mblM.jpg', '/Users/sarb/Library/Application Support/iPhone Simulator/4.2/Applications/1EF62D5E-7613-44D7-8AE1-7B5D64FF57D5/Documents/downloads/wxi5tovf.pdf', 2);
INSERT INTO "educate" VALUES (13, '/Users/sarb/Library/Application Support/iPhone Simulator/4.2/Applications/1EF62D5E-7613-44D7-8AE1-7B5D64FF57D5/Documents/downloads/ADRJNymR.jpg', '/Users/sarb/Library/Application Support/iPhone Simulator/4.2/Applications/1EF62D5E-7613-44D7-8AE1-7B5D64FF57D5/Documents/downloads/vrsqn21r.pdf', 2);
INSERT INTO "educate" VALUES (14, '/Users/sarb/Library/Application Support/iPhone Simulator/4.2/Applications/1EF62D5E-7613-44D7-8AE1-7B5D64FF57D5/Documents/downloads/jhYm19iF.jpg', '/Users/sarb/Library/Application Support/iPhone Simulator/4.2/Applications/1EF62D5E-7613-44D7-8AE1-7B5D64FF57D5/Documents/downloads/e5gdu3ne.pdf', 2);
CREATE TABLE "evaluate" (
"id" INTEGER PRIMARY KEY NOT NULL DEFAULT NULL,
"documentTitle" TEXT DEFAULT NULL,
"documentPDFURL" TEXT DEFAULT NULL,
"sectionID" TEXT DEFAULT NULL);
INSERT INTO "evaluate" VALUES (1, 'Findings of a Comparative analysis of Operating Room Fluid Waste Removal at Hospital for Special Surgery (abstract only)', '/Users/sarb/Library/Application Support/iPhone Simulator/4.2/Applications/1EF62D5E-7613-44D7-8AE1-7B5D64FF57D5/Documents/downloads/hhsstudyabstract_or_neptune_ev_zjeboupl.pdf', '1');
CREATE TABLE "explore" (
"id" INTEGER PRIMARY KEY NOT NULL DEFAULT NULL,
"productTitle" TEXT DEFAULT NULL,
"productDesc" TEXT DEFAULT NULL,
"productThumbURL" TEXT DEFAULT NULL,
"productBackgroundImageURL" TEXT DEFAULT NULL,
"sectionID" INTEGER);
INSERT INTO "explore" VALUES (1, 'Neptune 2 Rover', 'The Neptune 2 Rover provides a greater range of suction, with a fully closed system, dual canister design with fluid volume measurement for every 20ml of fluid collected and two independently adjustable lines for each canister.  Beyond suction features, the Neptune 2 Rover also has a smoke evacuator with ULPA filtration, IV pole with capacity for (4) 3000cc bags, new manifold design with horizontal connection, enclosed canister system for easy exterior cleaning and large rotating digital display which allows for better visibility in the OR. ', '/Users/sarb/Library/Application Support/iPhone Simulator/4.2/Applications/1EF62D5E-7613-44D7-8AE1-7B5D64FF57D5/Documents/downloads/22i8YNfo.png', '/Users/sarb/Library/Application Support/iPhone Simulator/4.2/Applications/1EF62D5E-7613-44D7-8AE1-7B5D64FF57D5/Documents/downloads/Neptune2_RoverBIG_m4yLVGoD.jpg', 1);
INSERT INTO "explore" VALUES (2, 'Neptune 2 Docking Station', 'The Neptune 2 is a totally closed fluid waste management and smoke evacuation system consisting of a Rover and Docking Station.  The mobile Rover unit collects surgical waste in the operation room and then quickly disposes of the fluids through the Docking Station with no exposure to healthcare workers.  The Docking Station should be plumbed to a water connection with a range of 50 to 120 PSI and can be connected to either a wall or floor drain.    ', '/Users/sarb/Library/Application Support/iPhone Simulator/4.2/Applications/1EF62D5E-7613-44D7-8AE1-7B5D64FF57D5/Documents/downloads/hSTcRCq3.png', '/Users/sarb/Library/Application Support/iPhone Simulator/4.2/Applications/1EF62D5E-7613-44D7-8AE1-7B5D64FF57D5/Documents/downloads/Neptune2_DockBIG_16LjjGAD.jpg', 1);
INSERT INTO "explore" VALUES (3, 'Neptune 2 Smoke Evacuator', 'Neptune 2 provides a powerful, effective safeguard against exposure to surgical smoke from laser and electrosurgery procedures - an enormous health hazard for OR staffs and patients according to over 20 published clinical studies and white papers.  With the quiet-running smoke evacuator and AORN-recommended ULPA filtration technology on the Neptune 2, you can eliminate the risk of surgical smoke exposure.', '/Users/sarb/Library/Application Support/iPhone Simulator/4.2/Applications/1EF62D5E-7613-44D7-8AE1-7B5D64FF57D5/Documents/downloads/Neptune2_Explore_ProductLine_Smoke_7MKk5hmy.png', '/Users/sarb/Library/Application Support/iPhone Simulator/4.2/Applications/1EF62D5E-7613-44D7-8AE1-7B5D64FF57D5/Documents/downloads/Neptune2_SMokeBIG_8m0D4B4o.jpg', 1);
INSERT INTO "explore" VALUES (4, 'Neptune 2 Manifold', 'Powerful, sanitary and cost-effective, the Neptune 2 4-Port Disposable Manifold has a patented lock-and-key design that seals shut to create the only totally closed system on the market today.  Includes backflow prevention and anti-clog technologies, specimen collection basket, and seals for clean disposal.  It takes only seconds to install or remove for easy disposal, eliminating delays between procedures while protecting OR personnel.  ', '/Users/sarb/Library/Application Support/iPhone Simulator/4.2/Applications/1EF62D5E-7613-44D7-8AE1-7B5D64FF57D5/Documents/downloads/YSgl4bY0.png', '/Users/sarb/Library/Application Support/iPhone Simulator/4.2/Applications/1EF62D5E-7613-44D7-8AE1-7B5D64FF57D5/Documents/downloads/Neptune2_ManifoldBIG_277Scvtv.jpg', 1);
INSERT INTO "explore" VALUES (5, 'Flyte Helmet', 'The Flyte battery powered LED lighted helmet has you covered.  Features and benefits include: High intensity LED technology, lightweight, toggle on/off switch, anti-glare shield, optional peel-away face shield, adjustable positioning, over 3 hours usage time and no additional battery pack or power cable is needed.  ', '/Users/sarb/Library/Application Support/iPhone Simulator/4.2/Applications/1EF62D5E-7613-44D7-8AE1-7B5D64FF57D5/Documents/downloads/IuJToEiR.png', '/Users/sarb/Library/Application Support/iPhone Simulator/4.2/Applications/1EF62D5E-7613-44D7-8AE1-7B5D64FF57D5/Documents/downloads/Flyte_HelmetBIG_nPw58Lph.jpg', 2);
INSERT INTO "explore" VALUES (6, 'Flyte Toga', 'The Flyte Steri-Shield lightweight zippered and pullover togas provide maximum protection and the freedom to move with comfort and confidence.  The togas offer AAMI Level 4 protection, with breathable viral barrier technology, tear-resistant fabric, and an impervious barrier against liquid and viral contamination.  They also include an impact resistant face shield or optional peel-away face shield, and they''re sized to fit with a full range of sizes; Small to 3XL.', '/Users/sarb/Library/Application Support/iPhone Simulator/4.2/Applications/1EF62D5E-7613-44D7-8AE1-7B5D64FF57D5/Documents/downloads/QrrAMeN9.png', '/Users/sarb/Library/Application Support/iPhone Simulator/4.2/Applications/1EF62D5E-7613-44D7-8AE1-7B5D64FF57D5/Documents/downloads/Flyte_TogaBIG_vFrCUqP9.jpg', 2);
INSERT INTO "explore" VALUES (7, 'Flyte Battery Charger', 'The enhanced Flyte battery charger lets you charge up to eight power packs at a time. Indicator lights show at a glance when a battery pack is fully charged or what level of charge the battery pack holds.', '/Users/sarb/Library/Application Support/iPhone Simulator/4.2/Applications/1EF62D5E-7613-44D7-8AE1-7B5D64FF57D5/Documents/downloads/eyhWDV0x.png', '/Users/sarb/Library/Application Support/iPhone Simulator/4.2/Applications/1EF62D5E-7613-44D7-8AE1-7B5D64FF57D5/Documents/downloads/Flyte_BatteryBIG_fYEhpmcS.jpg', 2);
CREATE TABLE "interact" (
"id" INTEGER PRIMARY KEY NOT NULL DEFAULT NULL,
"videoTitle" TEXT DEFAULT NULL,
"videoThumbURL" TEXT DEFAULT NULL,
"videoURL" TEXT DEFAULT NULL,
"sectionID" INTEGER DEFAULT NULL,
"isInternal" BLOB NOT NULL);
INSERT INTO "interact" VALUES (1, 'Testimonials', '/Users/sarb/Library/Application Support/iPhone Simulator/4.2/Applications/1EF62D5E-7613-44D7-8AE1-7B5D64FF57D5/Documents/downloads/HunAa9nj.jpg', '/Users/sarb/Library/Application Support/iPhone Simulator/4.2/Applications/1EF62D5E-7613-44D7-8AE1-7B5D64FF57D5/Documents/downloads/coeyyidh.mp4', 1, 0);
INSERT INTO "interact" VALUES (2, 'Setup', '/Users/sarb/Library/Application Support/iPhone Simulator/4.2/Applications/1EF62D5E-7613-44D7-8AE1-7B5D64FF57D5/Documents/downloads/PZ18b0IU.jpg', '/Users/sarb/Library/Application Support/iPhone Simulator/4.2/Applications/1EF62D5E-7613-44D7-8AE1-7B5D64FF57D5/Documents/downloads/dda20qtu.mp4', 1, 0);
INSERT INTO "interact" VALUES (3, 'Before the Case', '/Users/sarb/Library/Application Support/iPhone Simulator/4.2/Applications/1EF62D5E-7613-44D7-8AE1-7B5D64FF57D5/Documents/downloads/Jfe2GcfS.jpg', '/Users/sarb/Library/Application Support/iPhone Simulator/4.2/Applications/1EF62D5E-7613-44D7-8AE1-7B5D64FF57D5/Documents/downloads/ijpfkbvo.mp4', 1, 0);
INSERT INTO "interact" VALUES (4, 'During the Case', '/Users/sarb/Library/Application Support/iPhone Simulator/4.2/Applications/1EF62D5E-7613-44D7-8AE1-7B5D64FF57D5/Documents/downloads/Y5ywtNwy.jpg', '/Users/sarb/Library/Application Support/iPhone Simulator/4.2/Applications/1EF62D5E-7613-44D7-8AE1-7B5D64FF57D5/Documents/downloads/erv9fr1h.mp4', 1, 0);
INSERT INTO "interact" VALUES (5, 'After the Case', '/Users/sarb/Library/Application Support/iPhone Simulator/4.2/Applications/1EF62D5E-7613-44D7-8AE1-7B5D64FF57D5/Documents/downloads/2d68aywq.jpg', '/Users/sarb/Library/Application Support/iPhone Simulator/4.2/Applications/1EF62D5E-7613-44D7-8AE1-7B5D64FF57D5/Documents/downloads/8fbaij6l.mp4', 1, 0);
INSERT INTO "interact" VALUES (6, 'Setup for Show or Presentation', '/Users/sarb/Library/Application Support/iPhone Simulator/4.2/Applications/1EF62D5E-7613-44D7-8AE1-7B5D64FF57D5/Documents/downloads/N2_Setup_for_Show_or_Presentation_jUr8N7Bu.jpg', '/Users/sarb/Library/Application Support/iPhone Simulator/4.2/Applications/1EF62D5E-7613-44D7-8AE1-7B5D64FF57D5/Documents/downloads/n2_setup_for_show_or_presentation_ij9iv6la.mp4', 1, 1);
INSERT INTO "interact" VALUES (7, 'CJD and Wall Suction', '/Users/sarb/Library/Application Support/iPhone Simulator/4.2/Applications/1EF62D5E-7613-44D7-8AE1-7B5D64FF57D5/Documents/downloads/N2__CJD_and_Wall_Suction_Regs_MMs0YSTl.jpg', '/Users/sarb/Library/Application Support/iPhone Simulator/4.2/Applications/1EF62D5E-7613-44D7-8AE1-7B5D64FF57D5/Documents/downloads/n2_cjd_and_wall_suction_regs_xjh9cnwa.mp4', 1, 1);
INSERT INTO "interact" VALUES (8, 'Service and Troubleshooting', '/Users/sarb/Library/Application Support/iPhone Simulator/4.2/Applications/1EF62D5E-7613-44D7-8AE1-7B5D64FF57D5/Documents/downloads/N2_Service_and_Troubleshooting_LPioPlTP.jpg', '/Users/sarb/Library/Application Support/iPhone Simulator/4.2/Applications/1EF62D5E-7613-44D7-8AE1-7B5D64FF57D5/Documents/downloads/n2_service_and_troubleshooting_gfsl0sia.mp4', 1, 1);
INSERT INTO "interact" VALUES (9, 'Testimonials', '/Users/sarb/Library/Application Support/iPhone Simulator/4.2/Applications/1EF62D5E-7613-44D7-8AE1-7B5D64FF57D5/Documents/downloads/n2_testimonials_edit3_md_ZUcR5fGM.jpg', '/Users/sarb/Library/Application Support/iPhone Simulator/4.2/Applications/1EF62D5E-7613-44D7-8AE1-7B5D64FF57D5/Documents/downloads/n2_testimonials_edit3_md_v0kghvf6.mp4', 1, 1);
INSERT INTO "interact" VALUES (10, 'Urology and Cysto', '/Users/sarb/Library/Application Support/iPhone Simulator/4.2/Applications/1EF62D5E-7613-44D7-8AE1-7B5D64FF57D5/Documents/downloads/N2_Urology_and_Cysto_o69waQYt.jpg', '/Users/sarb/Library/Application Support/iPhone Simulator/4.2/Applications/1EF62D5E-7613-44D7-8AE1-7B5D64FF57D5/Documents/downloads/n2_urology_and_cysto_mnurvvm5.mp4', 1, 1);
INSERT INTO "interact" VALUES (11, 'Smoke Evac', '/Users/sarb/Library/Application Support/iPhone Simulator/4.2/Applications/1EF62D5E-7613-44D7-8AE1-7B5D64FF57D5/Documents/downloads/N2_Smoke_Evac_97oaVfiZ.jpg', '/Users/sarb/Library/Application Support/iPhone Simulator/4.2/Applications/1EF62D5E-7613-44D7-8AE1-7B5D64FF57D5/Documents/downloads/n2_smoke_evac_csyxh5km.mp4', 1, 1);
INSERT INTO "interact" VALUES (12, 'Specimen Trap', '/Users/sarb/Library/Application Support/iPhone Simulator/4.2/Applications/1EF62D5E-7613-44D7-8AE1-7B5D64FF57D5/Documents/downloads/N2_InLine_Specimen_Trap_e5meBI3s.jpg', '/Users/sarb/Library/Application Support/iPhone Simulator/4.2/Applications/1EF62D5E-7613-44D7-8AE1-7B5D64FF57D5/Documents/downloads/n2_inline_specimen_trap_pfdkvsxy.mp4', 1, 1);
INSERT INTO "interact" VALUES (13, 'Flyte Steri-Shield Overview', '/Users/sarb/Library/Application Support/iPhone Simulator/4.2/Applications/1EF62D5E-7613-44D7-8AE1-7B5D64FF57D5/Documents/downloads/HZX5W75k.jpg', '/Users/sarb/Library/Application Support/iPhone Simulator/4.2/Applications/1EF62D5E-7613-44D7-8AE1-7B5D64FF57D5/Documents/downloads/oaw71ttf.mp4', 2, 0);
INSERT INTO "interact" VALUES (14, 'Flyte Helmet', '/Users/sarb/Library/Application Support/iPhone Simulator/4.2/Applications/1EF62D5E-7613-44D7-8AE1-7B5D64FF57D5/Documents/downloads/2tObmRcD.jpg', '/Users/sarb/Library/Application Support/iPhone Simulator/4.2/Applications/1EF62D5E-7613-44D7-8AE1-7B5D64FF57D5/Documents/downloads/vmpv1q7l.mp4', 2, 0);
INSERT INTO "interact" VALUES (15, 'Pullover Toga', '/Users/sarb/Library/Application Support/iPhone Simulator/4.2/Applications/1EF62D5E-7613-44D7-8AE1-7B5D64FF57D5/Documents/downloads/9vWDCOPn.jpg', '/Users/sarb/Library/Application Support/iPhone Simulator/4.2/Applications/1EF62D5E-7613-44D7-8AE1-7B5D64FF57D5/Documents/downloads/3px2suix.mp4', 2, 0);
INSERT INTO "interact" VALUES (16, 'Sterile Hood', '/Users/sarb/Library/Application Support/iPhone Simulator/4.2/Applications/1EF62D5E-7613-44D7-8AE1-7B5D64FF57D5/Documents/downloads/vuQX6nSR.jpg', '/Users/sarb/Library/Application Support/iPhone Simulator/4.2/Applications/1EF62D5E-7613-44D7-8AE1-7B5D64FF57D5/Documents/downloads/qorfxhma.mp4', 2, 0);
INSERT INTO "interact" VALUES (17, 'Peel-Away Face Mask', '/Users/sarb/Library/Application Support/iPhone Simulator/4.2/Applications/1EF62D5E-7613-44D7-8AE1-7B5D64FF57D5/Documents/downloads/vGnLQ6FB.jpg', '/Users/sarb/Library/Application Support/iPhone Simulator/4.2/Applications/1EF62D5E-7613-44D7-8AE1-7B5D64FF57D5/Documents/downloads/frdmulpw.mp4', 2, 0);
CREATE TABLE "sections" (
"id" INTEGER PRIMARY KEY NOT NULL DEFAULT NULL,
"name" TEXT DEFAULT NULL,
"folderName" TEXT DEFAULT NULL,
"description" TEXT DEFAULT NULL,
"mainBackground" TEXT DEFAULT NULL,
"darkBackground" TEXT DEFAULT NULL,
"lightBackground" TEXT DEFAULT NULL);
INSERT INTO "sections" VALUES (1, 'Neptune(r) 2', '12', 'Waste Management System', '/Users/sarb/Library/Application Support/iPhone Simulator/4.2/Applications/1EF62D5E-7613-44D7-8AE1-7B5D64FF57D5/Documents/downloads/mainBG_LjD8MBJR.jpg', '/Users/sarb/Library/Application Support/iPhone Simulator/4.2/Applications/1EF62D5E-7613-44D7-8AE1-7B5D64FF57D5/Documents/downloads/darkBG_HmvNvHVt.jpg', '/Users/sarb/Library/Application Support/iPhone Simulator/4.2/Applications/1EF62D5E-7613-44D7-8AE1-7B5D64FF57D5/Documents/downloads/lightBG_MFx6Va1W.jpg');
INSERT INTO "sections" VALUES (2, 'Flyte(tm) Steri-Shield(r)', '13', 'Personal Protection System', '/Users/sarb/Library/Application Support/iPhone Simulator/4.2/Applications/1EF62D5E-7613-44D7-8AE1-7B5D64FF57D5/Documents/downloads/mainBG_6PuPDrkp.jpg', '/Users/sarb/Library/Application Support/iPhone Simulator/4.2/Applications/1EF62D5E-7613-44D7-8AE1-7B5D64FF57D5/Documents/downloads/darkBG_blrMdhQT.jpg', '/Users/sarb/Library/Application Support/iPhone Simulator/4.2/Applications/1EF62D5E-7613-44D7-8AE1-7B5D64FF57D5/Documents/downloads/lightBG_tUCuEYX0.jpg');
CREATE TABLE "visualize" (
"id" INTEGER PRIMARY KEY NOT NULL DEFAULT NULL,
"imageTitle" TEXT DEFAULT NULL,
"imageThumbURL" TEXT DEFAULT NULL,
"imageLargeURL" TEXT DEFAULT NULL,
"sectionID" INTEGER);
INSERT INTO "visualize" VALUES (1, 'Canister Holder', '/Users/sarb/Library/Application Support/iPhone Simulator/4.2/Applications/1EF62D5E-7613-44D7-8AE1-7B5D64FF57D5/Documents/downloads/NVUCpOEv.jpg', '/Users/sarb/Library/Application Support/iPhone Simulator/4.2/Applications/1EF62D5E-7613-44D7-8AE1-7B5D64FF57D5/Documents/downloads/I6DXK482.png', 1);
INSERT INTO "visualize" VALUES (2, 'Penadapt', '/Users/sarb/Library/Application Support/iPhone Simulator/4.2/Applications/1EF62D5E-7613-44D7-8AE1-7B5D64FF57D5/Documents/downloads/vLH8JtJL.jpg', '/Users/sarb/Library/Application Support/iPhone Simulator/4.2/Applications/1EF62D5E-7613-44D7-8AE1-7B5D64FF57D5/Documents/downloads/IZaIJ89T.png', 1);
INSERT INTO "visualize" VALUES (3, 'Neptune 2 Cysto Adapter', '/Users/sarb/Library/Application Support/iPhone Simulator/4.2/Applications/1EF62D5E-7613-44D7-8AE1-7B5D64FF57D5/Documents/downloads/6h6tSOv5.jpg', '/Users/sarb/Library/Application Support/iPhone Simulator/4.2/Applications/1EF62D5E-7613-44D7-8AE1-7B5D64FF57D5/Documents/downloads/GJsJNitZ.png', 1);
INSERT INTO "visualize" VALUES (4, 'Neptune 2 Surgery', '/Users/sarb/Library/Application Support/iPhone Simulator/4.2/Applications/1EF62D5E-7613-44D7-8AE1-7B5D64FF57D5/Documents/downloads/ERfpvLmq.jpg', '/Users/sarb/Library/Application Support/iPhone Simulator/4.2/Applications/1EF62D5E-7613-44D7-8AE1-7B5D64FF57D5/Documents/downloads/0xwjMBIY.png', 1);
INSERT INTO "visualize" VALUES (5, 'Neptune 2 Surgery', '/Users/sarb/Library/Application Support/iPhone Simulator/4.2/Applications/1EF62D5E-7613-44D7-8AE1-7B5D64FF57D5/Documents/downloads/v9kWjCfX.jpg', '/Users/sarb/Library/Application Support/iPhone Simulator/4.2/Applications/1EF62D5E-7613-44D7-8AE1-7B5D64FF57D5/Documents/downloads/l1PXd7sp.png', 1);
INSERT INTO "visualize" VALUES (6, 'Neptune 2 Surgery', '/Users/sarb/Library/Application Support/iPhone Simulator/4.2/Applications/1EF62D5E-7613-44D7-8AE1-7B5D64FF57D5/Documents/downloads/7VqmOLql.jpg', '/Users/sarb/Library/Application Support/iPhone Simulator/4.2/Applications/1EF62D5E-7613-44D7-8AE1-7B5D64FF57D5/Documents/downloads/TePmyTq4.png', 1);
INSERT INTO "visualize" VALUES (7, 'Manifold Specimen Basket', '/Users/sarb/Library/Application Support/iPhone Simulator/4.2/Applications/1EF62D5E-7613-44D7-8AE1-7B5D64FF57D5/Documents/downloads/1NmIAwqq.jpg', '/Users/sarb/Library/Application Support/iPhone Simulator/4.2/Applications/1EF62D5E-7613-44D7-8AE1-7B5D64FF57D5/Documents/downloads/Wt510UYt.png', 1);
INSERT INTO "visualize" VALUES (8, 'Neptune 2 Rover and Docker', '/Users/sarb/Library/Application Support/iPhone Simulator/4.2/Applications/1EF62D5E-7613-44D7-8AE1-7B5D64FF57D5/Documents/downloads/TAR1btx8.jpg', '/Users/sarb/Library/Application Support/iPhone Simulator/4.2/Applications/1EF62D5E-7613-44D7-8AE1-7B5D64FF57D5/Documents/downloads/K56QLvy6.png', 1);
INSERT INTO "visualize" VALUES (9, 'Controls and Rotating Digital Display', '/Users/sarb/Library/Application Support/iPhone Simulator/4.2/Applications/1EF62D5E-7613-44D7-8AE1-7B5D64FF57D5/Documents/downloads/ibVZRMk9.jpg', '/Users/sarb/Library/Application Support/iPhone Simulator/4.2/Applications/1EF62D5E-7613-44D7-8AE1-7B5D64FF57D5/Documents/downloads/RaGW8ifN.png', 1);
INSERT INTO "visualize" VALUES (10, 'Neptune 2 Rover and Docker', '/Users/sarb/Library/Application Support/iPhone Simulator/4.2/Applications/1EF62D5E-7613-44D7-8AE1-7B5D64FF57D5/Documents/downloads/IelqXl6j.jpg', '/Users/sarb/Library/Application Support/iPhone Simulator/4.2/Applications/1EF62D5E-7613-44D7-8AE1-7B5D64FF57D5/Documents/downloads/1qBhZR1t.png', 1);
INSERT INTO "visualize" VALUES (11, 'Neptune 1 versus Neptune 2 Manifold', '/Users/sarb/Library/Application Support/iPhone Simulator/4.2/Applications/1EF62D5E-7613-44D7-8AE1-7B5D64FF57D5/Documents/downloads/eepbEJ5r.jpg', '/Users/sarb/Library/Application Support/iPhone Simulator/4.2/Applications/1EF62D5E-7613-44D7-8AE1-7B5D64FF57D5/Documents/downloads/PmawWUK5.png', 1);
INSERT INTO "visualize" VALUES (12, 'Neptune 2 Rover Docked', '/Users/sarb/Library/Application Support/iPhone Simulator/4.2/Applications/1EF62D5E-7613-44D7-8AE1-7B5D64FF57D5/Documents/downloads/Zyc3tRhU.jpg', '/Users/sarb/Library/Application Support/iPhone Simulator/4.2/Applications/1EF62D5E-7613-44D7-8AE1-7B5D64FF57D5/Documents/downloads/kVSxwnEx.png', 1);
INSERT INTO "visualize" VALUES (13, 'Neptune 2 Smoke Evacuator', '/Users/sarb/Library/Application Support/iPhone Simulator/4.2/Applications/1EF62D5E-7613-44D7-8AE1-7B5D64FF57D5/Documents/downloads/MEFgC1TD.jpg', '/Users/sarb/Library/Application Support/iPhone Simulator/4.2/Applications/1EF62D5E-7613-44D7-8AE1-7B5D64FF57D5/Documents/downloads/LYDgDedU.png', 1);
INSERT INTO "visualize" VALUES (14, 'Flyte Helmet', '/Users/sarb/Library/Application Support/iPhone Simulator/4.2/Applications/1EF62D5E-7613-44D7-8AE1-7B5D64FF57D5/Documents/downloads/FO8uyCvP.jpg', '/Users/sarb/Library/Application Support/iPhone Simulator/4.2/Applications/1EF62D5E-7613-44D7-8AE1-7B5D64FF57D5/Documents/downloads/w6IWSMSk.png', 2);
INSERT INTO "visualize" VALUES (15, 'Flyte Helmet Side View', '/Users/sarb/Library/Application Support/iPhone Simulator/4.2/Applications/1EF62D5E-7613-44D7-8AE1-7B5D64FF57D5/Documents/downloads/MZP3GkRS.jpg', '/Users/sarb/Library/Application Support/iPhone Simulator/4.2/Applications/1EF62D5E-7613-44D7-8AE1-7B5D64FF57D5/Documents/downloads/pjmKQjRj.png', 2);
INSERT INTO "visualize" VALUES (16, 'Flyte Helmet Fan', '/Users/sarb/Library/Application Support/iPhone Simulator/4.2/Applications/1EF62D5E-7613-44D7-8AE1-7B5D64FF57D5/Documents/downloads/o3oNKbrW.jpg', '/Users/sarb/Library/Application Support/iPhone Simulator/4.2/Applications/1EF62D5E-7613-44D7-8AE1-7B5D64FF57D5/Documents/downloads/ON8yxNIC.png', 2);
INSERT INTO "visualize" VALUES (17, 'Flyte Helmet with Battery', '/Users/sarb/Library/Application Support/iPhone Simulator/4.2/Applications/1EF62D5E-7613-44D7-8AE1-7B5D64FF57D5/Documents/downloads/qFaM4G3O.jpg', '/Users/sarb/Library/Application Support/iPhone Simulator/4.2/Applications/1EF62D5E-7613-44D7-8AE1-7B5D64FF57D5/Documents/downloads/Te6oNhpJ.png', 2);
INSERT INTO "visualize" VALUES (18, 'Flyte Helmet with Fiber Optic Light', '/Users/sarb/Library/Application Support/iPhone Simulator/4.2/Applications/1EF62D5E-7613-44D7-8AE1-7B5D64FF57D5/Documents/downloads/aGfReR9s.jpg', '/Users/sarb/Library/Application Support/iPhone Simulator/4.2/Applications/1EF62D5E-7613-44D7-8AE1-7B5D64FF57D5/Documents/downloads/Gv2pv4IW.png', 2);
INSERT INTO "visualize" VALUES (19, 'Flyte Helmet with LED Light', '/Users/sarb/Library/Application Support/iPhone Simulator/4.2/Applications/1EF62D5E-7613-44D7-8AE1-7B5D64FF57D5/Documents/downloads/xglAnDwa.jpg', '/Users/sarb/Library/Application Support/iPhone Simulator/4.2/Applications/1EF62D5E-7613-44D7-8AE1-7B5D64FF57D5/Documents/downloads/hTcm0sDG.png', 2);
INSERT INTO "visualize" VALUES (20, 'Flyte 2 Hour Battery', '/Users/sarb/Library/Application Support/iPhone Simulator/4.2/Applications/1EF62D5E-7613-44D7-8AE1-7B5D64FF57D5/Documents/downloads/QIlwF2fb.jpg', '/Users/sarb/Library/Application Support/iPhone Simulator/4.2/Applications/1EF62D5E-7613-44D7-8AE1-7B5D64FF57D5/Documents/downloads/Smxi5AIg.png', 2);
INSERT INTO "visualize" VALUES (21, 'Flyte Power Pack', '/Users/sarb/Library/Application Support/iPhone Simulator/4.2/Applications/1EF62D5E-7613-44D7-8AE1-7B5D64FF57D5/Documents/downloads/KHIfjCUE.jpg', '/Users/sarb/Library/Application Support/iPhone Simulator/4.2/Applications/1EF62D5E-7613-44D7-8AE1-7B5D64FF57D5/Documents/downloads/3981qv7B.png', 2);
INSERT INTO "visualize" VALUES (22, 'Flyte Communication System', '/Users/sarb/Library/Application Support/iPhone Simulator/4.2/Applications/1EF62D5E-7613-44D7-8AE1-7B5D64FF57D5/Documents/downloads/eg3mLQoS.jpg', '/Users/sarb/Library/Application Support/iPhone Simulator/4.2/Applications/1EF62D5E-7613-44D7-8AE1-7B5D64FF57D5/Documents/downloads/SpMeIjr4.png', 2);
INSERT INTO "visualize" VALUES (23, 'Peelaway Lens', '/Users/sarb/Library/Application Support/iPhone Simulator/4.2/Applications/1EF62D5E-7613-44D7-8AE1-7B5D64FF57D5/Documents/downloads/BMJbhVQb.jpg', '/Users/sarb/Library/Application Support/iPhone Simulator/4.2/Applications/1EF62D5E-7613-44D7-8AE1-7B5D64FF57D5/Documents/downloads/wroYrUH4.png', 2);
INSERT INTO "visualize" VALUES (24, 'Flyte Group Surgery', '/Users/sarb/Library/Application Support/iPhone Simulator/4.2/Applications/1EF62D5E-7613-44D7-8AE1-7B5D64FF57D5/Documents/downloads/AhBD0yv2.jpg', '/Users/sarb/Library/Application Support/iPhone Simulator/4.2/Applications/1EF62D5E-7613-44D7-8AE1-7B5D64FF57D5/Documents/downloads/trKq647x.png', 2);
INSERT INTO "visualize" VALUES (25, 'Flyte Group Surgery', '/Users/sarb/Library/Application Support/iPhone Simulator/4.2/Applications/1EF62D5E-7613-44D7-8AE1-7B5D64FF57D5/Documents/downloads/aJXMIP0e.jpg', '/Users/sarb/Library/Application Support/iPhone Simulator/4.2/Applications/1EF62D5E-7613-44D7-8AE1-7B5D64FF57D5/Documents/downloads/UB38yeHE.png', 2);
